ListingId,Title,Price,Quantity,Views,Favorers,ShopName,ShopOwner,Location
826669278,Custom Quote Digital Art Print,6.99,200,34,3,purefaced,"Selina and Gin ",Ontario Toronto
840200041,Monte &quot;պայքար (fight)&quot; Print | Art Print | Digital Art | Illustration | 100% OF PROCEEDS will be DONATED,12.00,45,35,0,ShakehDrawsShop,"Shakeh "," Glendale, California, United States Of America"
840712113,"Chagall Face Mask, marc chagall art deco face mask, fine art print face mask, adult art themed mask, historical fabric best selling masks",10.00,999,74,0,Fantasiasvn,"Da Eun "," "
839672511,"Fist Bump Printable Wall Art, Nursery Art Print, Hands Line Drawing, Mother and Child Poster, Black and White Minimalist Art",4.90,20,2,1,EveryspaceStudio,"Tyng "," Kuala Lumpur"
840734427,"Trixie and Katya Mug, drag queen, digital art printed mug. Trixie Mattel Katya zamolodchikova drag queen rupauls drag race",22.00,3,21,3,AlbiArtsAus,alyssahayley94,Victoria Melbourne
825483670,Pink Roses on Wooden Background Flower Floral Botanical Poster Print Wallpaper Framed Canvas Wall Art Office Decor Home Decorations,12.99,20,24,2,TheTopCanvas,"The Top Canvas ",California Los Angeles
836859933,"Don&#39;t Stop Until You&#39;re Proud Print, modern home decor, printable art, inspirational quotes, Motivation, boss gift, office wall art",5.99,999,12,8,TheMinimalistWall,bddlo2ch," "
838676329,Yogo Art | Portrait | Art print | Digital Download | Wall Art | Wall Decor | Fashion print | Printable Art | Illustration | minimal Art,10.00,100,68,3,MtenzinIllustrations,y18ousvp,IN New Delhi
483806802,"S Letter Print, Wall Art Prints, Printable Art, Alphabet Print, Typography, Black And White, Scandinavian, Minimalist, Wall Decor",3.99,33,97,10,ParadigmArt,"Marcus ",California California City
532735004,"Bird Watercolor Print, Red Crossbill, Fine Art Print, Realistic Painting, Canadian Bird Species",17.00,150,36,4,meadowsweetart,andreawilliamson5,Quebec Montreal
702714872,Minimalist Vintage Alice In Wonderland Printable Wall Art TRIO - Art Prints - Printable Art - Alice in Wonderland Prints - Alice Art Prints,30.00,3,17,3,TSRCrafts,LindsaysScrapRoom,Washington Buckley
513521577,Be Kind my Deer Print Green Deer Printable Deer Wall Art Deer Download Nursery Decor Children&#39;s Room Art Woodland Decor Animal Digital Print,7.00,1,30,0,SmittenPrint,smittenprint,Florida St. Petersburg
294300329,Blytheville Map Blytheville Art Blytheville Map Art Blytheville Print Blytheville  Blytheville City Art Arkansas Art,19.89,196,38,2,BluePearPrintables,"Merve and Ali "," "
839376383,"Bumble Bee, Limited Edition Art Print, Original Painting by Laurel Berry, 8 x 10&quot;",28.00,1,40,4,LaurelBerryStudio,"Laurel "," Ipswich"
839846659,California State Flower-California Poppy- Watercolor Art Print,8.49,8,7,2,MicksArtGoods,"Mick ",Utah Provo
834703345,"Cardinal and Owl Art Print, Dictionary HHP Original Book Page Print Upcycle Wall Art Book Art Cardinal and Owl",10.00,4,18,1,HamiltonHousePrints,TheQueenBeeSquared,Tennessee Nashville
53769143,Staplehill Folk Art Print,17.45,1,256,8,catherineholman,catherineholman,Missouri Kansas City
180096423,Southborough Massachusetts Skyline Poster Art Print St. Mark&#39;s School MA,17.90,4,166,6,AnInspiredImage,tstrongart,Florida Rockledge
839890783,Watercolor Fine Art PRINT – &quot;Emily&quot; – By Artist Lyra McCarmey – 8.5 x 11,20.00,4,3,0,LyraMcCarmeyArt,sapalua9945,District Of Columbia Washington D.C.
201333126,Elephant Nursery Wall Art Print - Initial Letter Chevron Pink Gray Aqua Decor - Baby Girl Room Kid Baby  - Wall Art Home Decor  Print,7.00,47,313,32,RizzleandRugee,rizzleandrugee,Indiana Muncie
